-- Auto-generated by scripts/generate_supabase_seed.mjs from data/species_data.json.
-- Do not edit by hand — edit species_data.json (or the Excel pipeline) and regenerate.

begin;

truncate table species_pair_overrides, species, care_groups restart identity cascade;

insert into care_groups (id, temp_min, temp_max, ph_min, ph_max, tank_min, temperament, diet, feeding, lifespan, water_level, schooling_need, schooling_min_group, difficulty, color, tips, fin_nipper, predatory, same_species_aggression_only, breeding_aggression_only, territorial, water_sensitivity) values
  ('guppy', 20, 28, 7, 8, 60, 'peaceful', '플레이크, 브라인쉬림프, 알테미아', '하루 1~2회, 2~3분 내 먹을 양', '3~5년', '상~중층', true, 3, '초급', '#38B6A3', '번식이 매우 빨라 암수 비율 조절이 필요합니다. 새끼를 보호하려면 산란통이나 수초 은신처를 준비하세요.', false, false, false, false, false, 'low'),
  ('betta', 24, 29, 6.5, 7.8, 15, 'aggressive', '베타 전용 펠릿, 냉동 장구벌레', '하루 1회, 소량', '2~3년', '상층', false, 1, '초급', '#E0714F', '수컷끼리는 절대 합사 불가. 화려한 지느러미 어종과도 충돌 위험이 있어 단독 사육을 권장합니다.', false, false, true, false, false, 'low'),
  ('neon-tetra', 21, 26, 5.5, 7.5, 40, 'peaceful', '미세 플레이크, 소형 냉동먹이', '하루 1~2회, 소량씩', '5~8년', '중층', true, 6, '중급', '#38B6A3', '약산성 연수를 선호해 급격한 수질 변화에 민감합니다. 최소 6마리 이상 무리 사육 시 스트레스가 줄어듭니다.', false, false, false, false, false, 'high'),
  ('corydoras', 22, 26, 6.5, 7.5, 60, 'peaceful', '침전성 펠릿, 냉동 장구벌레', '하루 1회, 야간 위주', '5~10년', '하층', true, 4, '초급', '#38B6A3', '바닥재는 모서리가 둥근 모래를 사용해야 수염이 상하지 않습니다. 바닥 청소부 역할을 합니다.', false, false, false, false, false, 'low'),
  ('angelfish', 24, 29, 6.5, 7.4, 100, 'semi-aggressive', '대형 플레이크, 냉동 브라인쉬림프', '하루 1~2회', '8~10년', '중~상층', false, 1, '고급', '#F2A65A', '몸집에 비해 수조가 높아야 합니다(45cm 이상 권장). 소형 어종을 먹이로 인식할 수 있어 합사에 주의하세요.', false, true, false, false, false, 'medium'),
  ('zebra-danio', 18, 24, 6.5, 7.5, 40, 'peaceful', '잡식성 플레이크', '하루 1~2회', '3~5년', '상~중층', true, 6, '초급', '#38B6A3', '매우 활동적이라 뚜껑을 꼭 덮어야 합니다(점프 잘함). 저온에도 강해 초보자에게 적합합니다.', false, false, false, false, false, 'low'),
  ('platy', 20, 26, 7, 8.2, 60, 'peaceful', '잡식성 플레이크, 채소', '하루 1~2회', '3~4년', '중층', true, 3, '초급', '#38B6A3', '번식이 활발한 난태생 어종. 경도가 높은 물을 선호해 구피와 비슷한 환경에서 잘 지냅니다.', false, false, false, false, false, 'low'),
  ('molly', 22, 28, 7.5, 8.5, 100, 'peaceful', '채소성 잡식 (스피룰리나 플레이크)', '하루 1~2회', '3~5년', '중~상층', true, 3, '초급', '#38B6A3', '약염수 환경에서 컨디션이 좋아지는 경우가 많습니다. 채식 비중이 높은 먹이가 필요합니다.', false, false, false, false, false, 'low'),
  ('swordtail', 21, 28, 7, 8.2, 100, 'peaceful', '잡식성', '하루 1~2회', '3~5년', '중~상층', false, 1, '초급', '#38B6A3', '수컷끼리는 서열 다툼이 있을 수 있어 수컷 여러 마리 사육 시 넉넉한 공간이 필요합니다.', false, false, true, false, false, 'low'),
  ('cardinal-tetra', 23, 27, 5.5, 7, 60, 'peaceful', '소형 플레이크, 냉동먹이', '하루 1~2회, 소량', '3~4년', '중층', true, 6, '중급', '#38B6A3', '네온테트라와 흡사하지만 붉은 줄무늬가 몸 전체에 걸쳐 있습니다. 연수/약산성 환경에서 발색이 좋습니다.', false, false, false, false, false, 'high'),
  ('black-skirt-tetra', 20, 26, 6, 7.5, 60, 'peaceful', '잡식성', '하루 1~2회', '3~5년', '중층', true, 5, '초급', '#38B6A3', '지느러미를 무는 습성이 있어 베일테일 어종과는 합사를 피하는 게 좋습니다.', true, false, false, false, false, 'low'),
  ('cherry-barb', 22, 26, 6, 7.5, 60, 'peaceful', '잡식성', '하루 1~2회', '4~6년', '중~하층', true, 5, '초급', '#38B6A3', '온순한 편에 속하는 바브류라 커뮤니티 탱크에 무난합니다.', false, false, false, false, false, 'low'),
  ('tiger-barb', 22, 27, 6, 7.5, 80, 'semi-aggressive', '잡식성', '하루 1~2회', '4~6년', '중층', true, 6, '중급', '#F2A65A', '소수로 키우면 지느러미를 무는 습성이 강해지므로 반드시 6마리 이상 무리로 키워야 합니다.', true, false, false, false, false, 'medium'),
  ('harlequin-rasbora', 23, 27, 5.5, 7, 60, 'peaceful', '소형 플레이크', '하루 1~2회', '5~8년', '중층', true, 6, '초급', '#38B6A3', '무리 지어 다니는 모습이 아름다운 종으로 연수 블랙워터 환경을 선호합니다.', false, false, false, false, false, 'low'),
  ('kuhli-loach', 23, 28, 5.5, 6.5, 60, 'peaceful', '침전성 먹이', '야간 위주 급여', '10년 이상', '하층', true, 3, '중급', '#38B6A3', '장어처럼 가늘고 길쭉하며 낮에는 은신처에 숨어 지내는 야행성입니다.', false, false, false, false, false, 'medium'),
  ('otocinclus', 21, 26, 6.5, 7.5, 40, 'peaceful', '갈조류, 블랜칭한 채소', '매일 소량', '3~5년', '하층', true, 4, '중급', '#38B6A3', '갈조류 청소부로 유명하지만 입식 초기 굶어죽는 경우가 많아 수조에 갈조류가 충분히 생긴 후 입식하는 게 안전합니다.', false, false, false, false, false, 'medium'),
  ('bristlenose-pleco', 23, 27, 6.5, 7.5, 80, 'peaceful', '침전성 플레코 전용 먹이, 채소', '매일', '5~10년', '하층', false, 1, '초급', '#38B6A3', '다른 플레코와 달리 크기가 작아 가정용 수조에 적합한 청소부입니다.', false, false, false, false, false, 'low'),
  ('common-pleco', 22, 28, 6.5, 7.5, 400, 'peaceful', '침전성 채식 위주', '매일', '10~15년', '하층', false, 1, '고급', '#38B6A3', '성어가 되면 45cm 이상 자라 대형 수조가 필수입니다. 소형 수조에서는 절대 키우지 마세요.', false, false, false, false, false, 'medium'),
  ('dwarf-gourami', 22, 28, 6, 7.5, 60, 'semi-aggressive', '잡식성', '하루 1~2회', '4~6년', '상층', false, 1, '초급', '#F2A65A', '수컷끼리는 영역 다툼이 있어 한 수조에 수컷 한 마리만 권장합니다.', false, false, true, false, true, 'low'),
  ('pearl-gourami', 24, 28, 6, 7.5, 100, 'peaceful', '잡식성', '하루 1~2회', '4~8년', '상~중층', false, 1, '중급', '#38B6A3', '구라미 중에서도 성격이 온순한 편이라 커뮤니티 탱크에 잘 어울립니다.', false, false, false, false, false, 'medium'),
  ('honey-gourami', 22, 28, 6, 7.5, 40, 'peaceful', '잡식성', '하루 1~2회', '4년', '상~중층', false, 1, '초급', '#38B6A3', '소형 구라미로 소형 어항에도 적합하며 온순합니다.', false, false, false, false, false, 'low'),
  ('kissing-gourami', 22, 28, 6.5, 8, 300, 'semi-aggressive', '채식성 잡식', '매일', '20년 이상', '중층', false, 1, '고급', '#F2A65A', '이름과 달리 입맞춤은 애정표현이 아닌 힘겨루기입니다. 크게 자라 대형 수조가 필요합니다.', false, false, false, false, false, 'medium'),
  ('discus', 28, 30, 6.4, 7.8, 200, 'peaceful', '디스커스 전용 사료', '하루 2~3회', '10~15년', '중층', true, 5, '고급', '#38B6A3', '높은 수온과 예민한 수질 관리가 필요해 입문자에게는 어려운 종입니다. 잦은 수질 체크가 필수입니다.', false, false, false, false, false, 'high'),
  ('german-blue-ram', 26, 29, 5, 7, 80, 'semi-aggressive', '잡식성', '하루 1~2회', '2~3년', '중~하층', false, 1, '중급', '#F2A65A', '높은 수온을 선호해 다른 저온성 어종과는 합사가 어렵습니다. 짝을 지어 키우면 흥미로운 행동을 볼 수 있습니다.', false, false, false, false, false, 'high'),
  ('kribensis', 24, 27, 6, 7.5, 90, 'semi-aggressive', '잡식성', '하루 1~2회', '3~5년', '하층', false, 1, '중급', '#F2A65A', '산란기에는 영역 방어가 강해지므로 은신처를 충분히 제공해야 합니다.', false, false, false, true, true, 'medium'),
  ('oscar', 22, 27, 6, 8, 250, 'aggressive', '육식성 (펠릿, 냉동새우)', '하루 1회', '10~20년', '중층', false, 1, '고급', '#E0714F', '매우 크게 자라고 지능이 높아 주인을 알아보는 것으로 유명하지만 소형 어종은 먹이로 인식합니다.', false, true, false, false, false, 'medium'),
  ('firemouth-cichlid', 23, 28, 6.5, 8, 120, 'semi-aggressive', '잡식성', '하루 1~2회', '8~10년', '중~하층', false, 1, '중급', '#F2A65A', '위협 시 붉은 아가미를 부풀리는 행동으로 유명합니다. 영역성이 있어 넓은 수조가 필요합니다.', false, false, false, false, true, 'medium'),
  ('convict-cichlid', 22, 27, 6, 8, 120, 'aggressive', '잡식성', '하루 1~2회', '8~10년', '중~하층', false, 1, '중급', '#E0714F', '번식력이 매우 강하고 새끼를 지킬 때 공격성이 극도로 높아집니다.', false, false, false, true, false, 'medium'),
  ('rainbow-shark', 22, 27, 6.5, 7.5, 150, 'aggressive', '잡식성', '하루 1회', '6~8년', '하층', false, 1, '중급', '#E0714F', '영역성이 강해 자신과 비슷한 체형의 어종을 공격하는 경우가 많습니다. 한 수조에 한 마리만 권장합니다.', false, false, true, false, true, 'medium'),
  ('bala-shark', 24, 28, 6, 7.5, 500, 'peaceful', '잡식성', '하루 1~2회', '10년 이상', '중~상층', true, 4, '고급', '#38B6A3', '성어가 되면 매우 크게 자라고 무리 생활이 필요해 대형 수조가 아니면 키우기 어렵습니다.', false, true, false, false, false, 'medium'),
  ('rosy-barb', 18, 25, 6, 8, 80, 'semi-aggressive', '잡식성', '하루 1~2회', '4~6년', '중층', true, 5, '초급', '#F2A65A', '평소엔 온순하지만 무리가 5마리 미만으로 부족하면 지느러미를 무는 습성이 나타납니다. 베타나 엔젤피시처럼 지느러미가 길고 느린 어종과는 합사를 피하세요.', true, false, false, false, false, 'low'),
  ('endlers-livebearer', 22, 28, 7, 8.5, 30, 'peaceful', '잡식성', '하루 1~2회', '2~3년', '상~중층', true, 3, '초급', '#38B6A3', '구피와 유사하지만 크기가 더 작고 색이 화려합니다. 구피와 교잡이 가능해 순종 유지를 원하면 분리 사육해야 합니다.', false, false, false, false, false, 'low'),
  ('celestial-pearl-danio', 20, 25, 6, 7.5, 40, 'peaceful', '소형 플레이크, 미세 먹이', '하루 2회 소량', '3~5년', '중~하층', true, 6, '중급', '#38B6A3', '몸집이 매우 작아 소형 수조에 적합하지만 입이 작아 먹이 크기를 신경 써야 합니다.', false, false, false, false, false, 'medium'),
  ('white-cloud-mountain-minnow', 16, 24, 6, 8, 40, 'peaceful', '잡식성', '하루 1~2회', '3~5년', '중~상층', true, 6, '초급', '#38B6A3', '저온에 강해 히터 없는 냉수 수조에서도 사육이 가능합니다. 단독 또는 소수로 키우면 오히려 다른 온순한 어종(구피, 할리퀸라스보라 등)을 쫓아다니며 지느러미를 무는 경우가 보고되어, 충분한 무리로 키우는 게 안전합니다.', true, false, false, false, false, 'low'),
  ('glowlight-tetra', 23, 27, 6, 7, 45, 'peaceful', '소형 플레이크', '하루 1~2회', '3~5년', '중층', true, 6, '초급', '#38B6A3', '은은하게 빛나는 주황색 줄무늬가 특징이며 성격이 온순합니다.', false, false, false, false, false, 'low'),
  ('ember-tetra', 23, 28, 5.5, 7, 40, 'peaceful', '초소형 플레이크', '하루 2회 소량', '2~3년', '중층', true, 8, '초급', '#38B6A3', '매우 작은 몸집이라 소형 수조에도 무리 지어 키우기 좋습니다.', false, false, false, false, false, 'low'),
  ('rummynose-tetra', 24, 28, 5.5, 7, 60, 'peaceful', '소형 플레이크', '하루 1~2회', '5~6년', '중층', true, 8, '중급', '#38B6A3', '코 끝의 붉은색이 진하게 나타나는 것은 수질이 안정적이라는 신호로 여겨집니다.', false, false, false, false, false, 'high'),
  ('congo-tetra', 23, 27, 6, 7, 100, 'peaceful', '잡식성', '하루 1~2회', '3~5년', '중층', true, 6, '중급', '#38B6A3', '수컷의 무지갯빛 비늘과 긴 지느러미가 특징이며 넓은 유영 공간이 필요합니다.', false, false, false, false, false, 'medium'),
  ('silver-dollar', 23, 27, 6, 7, 300, 'peaceful', '채식 위주 잡식성', '하루 1~2회', '10년 이상', '중층', true, 5, '중급', '#38B6A3', '수초를 매우 잘 뜯어먹어 살아있는 수초와 함께 키우기 어렵습니다.', false, false, false, false, false, 'medium'),
  ('clown-loach', 25, 30, 6, 7.5, 400, 'peaceful', '잡식성', '하루 1회', '15~20년', '중~하층', true, 5, '고급', '#38B6A3', '매우 크게 자라고 장수하며 무리 생활이 필수라 대형 수조와 장기 계획이 필요합니다.', false, false, false, false, false, 'medium'),
  ('yoyo-loach', 20, 27, 6.5, 7.5, 150, 'peaceful', '잡식성', '하루 1회', '8~10년', '하층', true, 5, '중급', '#38B6A3', '무늬가 성장하며 변하는 것이 특징이며 달팽이 제거에 효과적입니다.', false, false, false, false, false, 'medium'),
  ('flying-fox', 22, 26, 6, 7.5, 100, 'semi-aggressive', '잡식성 (갈조류 포함)', '하루 1회', '8~10년', '하층', false, 1, '중급', '#F2A65A', '레인보우샤크와 혼동되지만 상대적으로 온순하나 같은 종끼리는 다툼이 있습니다.', false, false, false, false, false, 'medium'),
  ('siamese-algae-eater', 24, 27, 6.5, 7.5, 100, 'peaceful', '갈조류, 채소', '매일', '5~10년', '하층', true, 3, '중급', '#38B6A3', '검은 수염말(black beard algae)까지 먹는 몇 안 되는 어종으로 조류 관리에 유용합니다.', false, false, false, false, false, 'medium'),
  ('bolivian-ram', 23, 27, 6.5, 7.5, 80, 'peaceful', '잡식성', '하루 1~2회', '3~4년', '중~하층', false, 1, '중급', '#38B6A3', '저먼블루람보다 온도 적응력이 넓어 커뮤니티 탱크에 합사하기 수월합니다.', false, false, false, false, false, 'medium'),
  ('jack-dempsey', 24, 28, 6.5, 7.5, 250, 'aggressive', '육식성 잡식', '하루 1회', '10~15년', '중~하층', false, 1, '고급', '#E0714F', '성체가 되면 공격성이 매우 강해져 단독 사육이나 비슷한 크기의 시클리드와만 합사해야 합니다.', false, true, false, false, false, 'medium'),
  ('green-terror', 22, 26, 6.5, 8, 300, 'aggressive', '육식성 잡식', '하루 1회', '10년 이상', '중~하층', false, 1, '고급', '#E0714F', '이름처럼 공격적이며 성체 크기가 커서 대형 시클리드 전용 수조가 필요합니다.', false, true, false, false, false, 'medium'),
  ('blue-acara', 22, 26, 6.5, 8, 200, 'semi-aggressive', '잡식성', '하루 1~2회', '10년 이상', '중~하층', false, 1, '중급', '#F2A65A', '다른 대형 시클리드에 비해 비교적 온순한 편에 속합니다.', false, false, false, false, false, 'medium'),
  ('severum', 24, 28, 6, 7.5, 200, 'semi-aggressive', '잡식성', '하루 1~2회', '10년 이상', '중층', false, 1, '중급', '#F2A65A', '디스커스와 비슷한 체형이지만 사육 난이도는 상대적으로 낮은 편입니다.', false, false, false, false, false, 'medium'),
  ('paradise-fish', 16, 24, 6, 8, 60, 'aggressive', '잡식성', '하루 1~2회', '6~8년', '상층', false, 1, '초급', '#E0714F', '저온에 강해 히터 없이도 키울 수 있지만 공격성이 강해 합사에 주의해야 합니다.', false, true, false, false, false, 'low'),
  ('boesemani-rainbowfish', 24, 28, 7, 8, 150, 'peaceful', '잡식성', '하루 1~2회', '5~8년', '중~상층', true, 6, '중급', '#38B6A3', '성어가 될수록 색이 화려해지며 무리 지어 키울 때 발색이 더 좋아집니다.', false, false, false, false, false, 'medium'),
  ('mbuna', 23, 27, 7.8, 8.6, 200, 'aggressive', '초식성 위주 (스피룰리나 기반 사료), 고단백 사료는 지양', '하루 1~2회 소량', '6~10년', '중~하층 (암초 서식)', true, 4, '중급', '#E0714F', '동종 내 서열 다툼이 심해 수컷 1 : 암컷 다수 비율로 사육하는 게 안전합니다. 암석 은신처를 넉넉히 배치하세요.', false, false, true, false, true, 'medium'),
  ('peacock', 24, 27, 7.8, 8.6, 200, 'semi-aggressive', '곤충食 위주 잡식성 사료', '하루 1~2회', '6~8년', '중~하층 (모래 서식)', false, 1, '중급', '#F2A65A', '음부나보다 온순해 혼합 사육이 비교적 수월하지만 수컷끼리는 다툼이 있을 수 있습니다.', false, false, true, false, false, 'medium'),
  ('hap', 24, 27, 7.6, 8.4, 300, 'semi-aggressive', '육식성 위주 (소형 물고기, 냉동새우)', '하루 1회', '8~10년', '중~상층 (개방 수역)', false, 1, '중급', '#F2A65A', '개방 수역을 헤엄치는 포식성 시클리드로, 소형 어종은 먹이로 인식할 수 있어 합사에 주의가 필요합니다.', false, true, false, false, false, 'medium'),
  ('frontosa', 24, 26, 7.8, 9, 400, 'peaceful', '육식성 (냉동새우, 시클리드 전용 펠릿)', '하루 1회 소량', '15~20년', '중~하층 (심수 서식)', true, 5, '고급', '#38B6A3', '덩치에 비해 온순하지만 성장이 매우 느리고 장수하는 대형종이라 장기 계획과 초대형 수조가 필요합니다.', false, false, false, false, false, 'medium'),
  ('tropheus', 24, 27, 7.8, 9, 300, 'aggressive', '엄격한 초식성 (해조류 기반 사료), 고단백 사료 금지', '하루 2~3회 소량', '8~10년', '중~하층 (암초)', true, 10, '고급', '#E0714F', '고단백 먹이를 주면 팽창병(bloat)에 걸리기 쉬워 반드시 초식 전용 사료를 급여해야 합니다. 대규모 무리 사육이 안정에 도움됩니다.', false, false, false, false, false, 'medium'),
  ('tanganyika-shell-dweller', 24, 27, 7.8, 9, 100, 'semi-aggressive', '육식성 잡식 (냉동 장구벌레 등)', '하루 1회', '5~8년', '하층 (바위/조개껍질)', false, 2, '중급', '#F2A65A', '짝을 이루면 자신의 영역을 강하게 방어합니다. 바위굴이나 조개껍질 은신처가 꼭 필요합니다.', false, false, false, false, true, 'medium'),
  ('altolamprologus', 24, 27, 7.8, 9, 150, 'semi-aggressive', '육식성 (달팽이, 냉동새우)', '하루 1회', '8~10년', '하층 (암초 틈새)', false, 1, '중급', '#F2A65A', '달팽이를 즐겨 먹어 자연스러운 방제 역할을 하며, 바위 틈 서식 습성상 좁은 틈새 은신처가 필요합니다.', false, true, false, false, true, 'medium'),
  ('three-spot-gourami', 24, 28, 6, 8, 100, 'semi-aggressive', '잡식성', '하루 1~2회', '4~6년', '상층', false, 1, '초급', '#F2A65A', '골드/오팔린/플래티넘 등 색상 품종이 다양하며 기본 사육 조건은 동일합니다. 수컷끼리는 다툼이 있을 수 있습니다.', false, false, true, false, false, 'low'),
  ('moonlight-gourami', 25, 28, 6, 7.5, 100, 'peaceful', '잡식성', '하루 1~2회', '4~6년', '상층', false, 1, '중급', '#38B6A3', '은은한 청록빛 몸체가 특징이며 구라미 중에서도 온순한 편에 속합니다.', false, false, false, false, false, 'medium'),
  ('snakeskin-gourami', 25, 28, 6, 8, 150, 'semi-aggressive', '잡식성', '매일', '5~8년', '상층', false, 1, '중급', '#F2A65A', '성어가 되면 25cm 이상 자라 큰 수조가 필요합니다. 동남아시아에서는 식용으로도 기르는 대형 구라미입니다.', false, false, false, false, false, 'medium'),
  ('giant-gourami', 22, 28, 6.5, 8, 1000, 'semi-aggressive', '잡식성 (채소 포함)', '매일', '10~20년', '전층', false, 1, '고급', '#E0714F', '성어가 70cm까지도 자라는 초대형 구라미로 가정용 수조로는 감당하기 어렵습니다. 충분한 사전 조사 후 입양을 결정하세요.', false, false, false, false, false, 'medium'),
  ('chocolate-gourami', 25, 29, 4, 6.5, 60, 'peaceful', '소형 육식성 (냉동 미세 먹이)', '소량씩 자주', '2~4년', '중층', true, 6, '고급', '#38B6A3', '매우 예민한 블랙워터 어종으로 안정된 연수/약산성 환경과 낮은 질산염이 필수입니다. 입문자에게는 추천하지 않습니다.', false, false, false, false, false, 'high'),
  ('trichopsis-gourami', 24, 28, 5.5, 8, 40, 'peaceful', '소형 육식성', '소량씩 자주', '2~4년', '중~상층', false, 1, '중급', '#38B6A3', '몸집이 작고 소리를 내는 독특한 습성이 있어 조용한 커뮤니티 탱크에 적합합니다.', false, false, false, false, false, 'medium'),
  ('licorice-gourami', 24, 27, 4, 6, 40, 'peaceful', '소형 육식성', '소량씩 자주', '2~3년', '중~하층', true, 4, '고급', '#E0714F', '극단적으로 연약한 블랙워터 전용종으로 여과된 빗물 수준의 연수가 필요해 사육 난이도가 매우 높습니다.', false, false, false, false, false, 'high'),
  ('thicklip-gourami', 22, 28, 6, 7.5, 80, 'peaceful', '잡식성', '하루 1~2회', '4~6년', '상층', false, 1, '초급', '#38B6A3', '두꺼운 입술이 특징이며 온순해 커뮤니티 탱크에 잘 어울립니다.', false, false, false, false, false, 'low'),
  ('badis', 22, 26, 6.5, 7.5, 40, 'semi-aggressive', '소형 육식성 (살아있는/냉동 먹이 선호)', '소량씩 자주', '2~3년', '중~하층', false, 1, '중급', '#F2A65A', '매우 작지만 화려한 색의 나노피시로, 인공사료 적응이 느려 살아있는 먹이나 냉동 먹이 급여가 필요한 경우가 많습니다.', false, true, false, false, false, 'medium'),
  ('leaf-fish', 24, 28, 6, 7.5, 80, 'aggressive', '육식성, 살아있는 먹이 선호 (인공사료 적응 어려움)', '2~3일에 1회', '3~5년', '중층', false, 1, '고급', '#E0714F', '낙엽처럼 위장해 매복 사냥하는 포식성 어종으로, 자신보다 작은 물고기는 먹이로 인식합니다. 인공사료를 잘 먹지 않아 사육 난이도가 높습니다.', false, true, false, false, false, 'medium'),
  ('datnoid', 24, 28, 6.5, 7.5, 500, 'aggressive', '육식성 (살아있는/냉동 먹이)', '하루 1회', '10년 이상', '중층', false, 1, '고급', '#E0714F', '기수역 출신으로 약간의 소금 첨가가 도움이 될 수 있으며, 성체가 크게 자라 대형 수조가 필요한 고급자용 어종입니다.', false, true, false, false, false, 'medium'),
  ('leopard-ctenopoma', 24, 28, 6, 7.5, 100, 'aggressive', '육식성', '2~3일에 1회', '5~10년', '중층', false, 1, '중급', '#E0714F', '낙엽 무늬로 위장해 매복하는 포식성 어종으로 작은 물고기와는 합사할 수 없습니다.', false, true, false, false, false, 'medium'),
  ('synodontis-general', 23, 28, 6.2, 8, 200, 'semi-aggressive', '잡식성', '야간 위주 급여', '10~15년', '하층', false, 1, '중급', '#F2A65A', '야행성 메기로 낮에는 은신처에 숨어 있다가 야간에 활동적으로 먹이 활동을 합니다.', false, false, false, false, false, 'medium'),
  ('synodontis-cuckoo', 25, 27, 7.2, 8, 150, 'semi-aggressive', '육식성 (달팽이 포식 특화)', '하루 1회', '15~20년', '하층', false, 1, '고급', '#E0714F', '말라위 시클리드 등 입안부화(마우스브루더) 어종의 알 사이에 자신의 알을 몰래 낳는 ''탁란(브루드 패러사이트)'' 습성으로 유명합니다. 입안부화 시클리드와 함께 키우면 숙주가 이 메기의 새끼까지 대신 키우게 되는 특이 현상이 생길 수 있습니다.', false, false, false, false, false, 'medium'),
  ('upside-down-catfish', 24, 26, 6, 7.5, 100, 'peaceful', '잡식성', '하루 1회', '10~15년', '중~하층', true, 3, '초급', '#38B6A3', '배를 위로 하고 거꾸로 헤엄치는 독특한 습성으로 유명하며, 온순해 커뮤니티 탱크에 잘 어울립니다.', false, false, false, false, false, 'low'),
  ('pictus-catfish', 22, 25, 6, 8, 210, 'semi-aggressive', '육식성', '하루 1회, 야간 위주', '8년 내외', '중~하층', true, 4, '중급', '#F2A65A', '긴 수염이 특징인 야행성 메기로, 입에 들어갈 크기의 작은 물고기는 먹이로 인식할 수 있어 합사에 주의가 필요합니다.', false, true, false, false, false, 'medium'),
  ('glass-catfish', 24, 28, 6, 7.5, 100, 'peaceful', '소형 육식성', '소량씩 자주', '5~8년', '중층', true, 6, '중급', '#38B6A3', '몸이 투명해 뼈와 내장이 비쳐 보이는 독특한 어종입니다. 무리가 작으면 스트레스를 심하게 받고, 약물에 매우 민감해 질병 치료 시 주의가 필요합니다.', false, false, false, false, false, 'high'),
  ('whiptail-catfish', 22, 26, 6, 7.5, 80, 'peaceful', '갈조류, 침전성 채식 사료', '매일', '5~10년', '하층', false, 1, '중급', '#38B6A3', '나뭇가지처럼 위장하는 독특한 외형의 메기로, 유목(드리프트우드)을 갉아먹는 습성이 있어 수조에 유목을 넣어주는 게 좋습니다.', false, false, false, false, false, 'medium'),
  ('hillstream-loach', 18, 24, 7, 7.8, 80, 'peaceful', '갈조류, 침전성 사료', '매일', '5~10년', '하층', true, 4, '고급', '#E0714F', '원산지의 급류 환경 때문에 일반 열대어보다 서늘한 수온과 매우 강한 수류·고용존산소가 필요합니다. 일반적인 열대어 세팅과 달라 별도의 조류 펌프가 필요할 수 있습니다.', false, false, false, false, false, 'medium'),
  ('clown-pleco', 24, 28, 6.5, 7.5, 80, 'peaceful', '유목 갈조류, 채소', '매일', '10년 내외', '하층', false, 1, '초급', '#38B6A3', '브리슬노즈플레코보다 더 작게 자라는 소형 플레코로, 소형 수조에도 적합합니다.', false, false, false, false, false, 'low'),
  ('royal-pleco', 26, 30, 6.5, 7.5, 300, 'peaceful', '유목 필수 (목질섬유 소화), 채소', '매일', '10~15년', '하층', false, 1, '고급', '#E0714F', '유목의 목질을 실제로 소화하는 특이 소화계를 가지고 있어 수조에 유목이 반드시 있어야 합니다. 대형종이라 성어가 되면 큰 수조가 필요합니다.', false, false, false, false, false, 'medium'),
  ('rubber-pleco', 22, 26, 6.5, 7.5, 100, 'peaceful', '갈조류 위주', '매일', '10년 내외', '하층', false, 1, '중급', '#38B6A3', '빠른 유속을 선호하는 종으로, 일반 열대어보다 서늘하고 산소가 풍부한 환경에서 컨디션이 좋습니다.', false, false, false, false, false, 'medium'),
  ('talking-catfish', 23, 27, 6.5, 7.5, 150, 'peaceful', '잡식성', '야간 위주', '10~15년', '하층', false, 1, '초급', '#38B6A3', '스트레스를 받거나 손으로 잡으면 ''끽끽''거리는 소리를 내는 것으로 유명합니다. 가슴지느러미 가시가 그물에 잘 걸리니 이동 시 주의하세요.', false, false, false, false, false, 'low'),
  ('puffer-dwarf', 24, 28, 7, 8.5, 40, 'semi-aggressive', '육식성 (달팽이 필수)', '매일 소량, 달팽이 급여 필수', '4년 내외', '중~하층', false, 1, '중급', '#F2A65A', '완전 담수종으로 소금 없이도 사육 가능합니다. 달팽이 위주 식성 때문에 인공사료 적응이 어려운 경우가 많고, 영역성이 강해 좁은 수조에 여러 마리를 넣으면 서로 공격할 수 있습니다.', false, true, false, false, true, 'medium'),
  ('puffer-brackish', 24, 28, 7.8, 9, 100, 'aggressive', '육식성 (달팽이, 갑각류)', '매일', '5~10년', '중~하층', false, 1, '고급', '#E0714F', '어릴 때는 담수에서도 지낼 수 있지만, 성장하면서 점차 기수~해수 수준의 염분이 필요해집니다. 순수 담수만으로는 장기적으로 건강을 유지하기 어렵습니다.', false, true, false, false, false, 'medium'),
  ('puffer-giant-freshwater', 24, 26, 6.5, 7.5, 500, 'aggressive', '육식성 (달팽이, 갑각류, 생먹이)', '하루 1회', '10년 이상', '중~하층', false, 1, '고급', '#E0714F', '완전 담수에서 사육 가능한 대형 퍼퍼로 사람을 알아볼 정도로 영리하지만 매우 공격적이라 반드시 단독 사육해야 합니다.', false, true, false, false, false, 'medium'),
  ('killifish-clown', 20, 26, 5, 7, 30, 'peaceful', '소형 육식성 (모기유충 등)', '소량씩 자주', '2~3년', '상층', true, 6, '중급', '#38B6A3', '수면 근처에 떠서 지내는 표층 어종으로, 뚜껑이 없는 수조에서는 점프에 주의해야 합니다.', false, false, false, false, false, 'medium'),
  ('killifish-annual', 22, 26, 6, 7.5, 40, 'semi-aggressive', '육식성', '매일', '1년 내외 (연간어)', '상~중층', false, 1, '고급', '#E0714F', '우기와 건기가 반복되는 서식지 특성상, 알이 마른 진흙 속에서 수개월간 휴면(다이어폴즈)했다가 부화하는 독특한 생활사를 가집니다. 이탄(피트모스) 산란상이 필요해 일반 어종과는 완전히 다른 번식 관리가 필요합니다.', false, false, false, false, false, 'medium'),
  ('rainbowfish-melanotaenia', 22, 30, 6.5, 8.5, 100, 'peaceful', '잡식성', '하루 1~2회', '5~8년', '중~상층', true, 6, '중급', '#38B6A3', '활발하게 헤엄치는 어종이라 폭이 넓은 수조가 필요하며, 무리 지어 키울 때 수컷의 발색이 더 화려해집니다.', false, false, false, false, false, 'medium'),
  ('rainbowfish-nano-blueeye', 22, 28, 5.5, 7.5, 40, 'peaceful', '소형 잡식성', '소량씩 자주', '2~3년', '중~상층', true, 8, '중급', '#38B6A3', '일반 레인보우피시보다 훨씬 작은 나노 어종으로, 소형 수조에서도 무리 지어 키울 수 있습니다.', false, false, false, false, false, 'medium'),
  ('rainbowfish-madagascar', 23, 28, 5.5, 7.5, 100, 'peaceful', '육식성 위주', '하루 1~2회', '5년 내외', '중~상층', true, 6, '중급', '#F2A65A', '다른 레인보우피시와 달리 육식 성향이 강해 단백질 비율이 높은 먹이가 필요합니다.', false, false, false, false, false, 'medium'),
  ('black-shark', 22, 28, 6.5, 8, 500, 'aggressive', '잡식성 (갈조류 포함)', '하루 1회', '10년 이상', '중~하층', false, 1, '고급', '#E0714F', '성어가 되면 60cm 이상 자라고 동종 및 비슷한 체형의 어종에게 매우 공격적이라 반드시 단독 사육해야 합니다.', false, false, false, false, false, 'medium'),
  ('brackish-shark-catfish', 25, 27, 6.8, 8, 300, 'semi-aggressive', '육식성 잡식', '하루 1회', '10~15년', '중층', true, 3, '고급', '#F2A65A', '이름과 겉모습은 상어를 닮았지만 실제로는 메기류입니다. 어릴 때는 담수에서 지낼 수 있지만 성장하면서 기수(brackish) 수준의 염분이 필요해지므로 장기적으로는 소금 첨가가 필요합니다.', false, false, false, false, false, 'medium'),
  ('hatchetfish-silver', 23, 27, 6, 7, 60, 'peaceful', '표층 소형 먹이 (날파리 등 선호)', '소량씩 자주', '3~5년', '상층', true, 6, '중급', '#38B6A3', '수면 위로 뛰어올라 날아다니는 듯한 특이한 습성이 있어 반드시 뚜껑이 있는 수조가 필요합니다. 표층에서만 활동하므로 폭이 넓은 수조가 유리합니다.', false, false, false, false, false, 'medium'),
  ('black-ghost-knifefish', 24, 28, 6.5, 7.5, 300, 'semi-aggressive', '육식성 (야간 위주)', '야간 위주 급여', '10~15년', '중~하층', false, 1, '고급', '#F2A65A', '약한 전기를 발생시켜 주변을 감지하는 야행성 어종입니다. 동종끼리 매우 공격적이라 한 수조에 한 마리만 키우는 것이 안전합니다.', false, true, true, false, false, 'medium'),
  ('pencil-fish', 23, 27, 5.5, 7, 60, 'peaceful', '소형 잡식성', '소량씩 자주', '3~5년', '중층', true, 6, '중급', '#38B6A3', '네온테트라와 비슷한 크기의 온순한 어종으로, 약산성 연수 환경과 무리 사육 시 컨디션이 좋습니다.', false, false, false, false, false, 'medium'),
  ('african-red-eye-tetra', 23, 27, 6, 7.5, 100, 'peaceful', '잡식성', '하루 1~2회', '5년 내외', '중~상층', true, 6, '중급', '#38B6A3', '콩고테트라와 마찬가지로 아프리카산 대형 테트라로, 무리 지어 키울 때 헤엄치는 모습이 화려합니다.', false, false, false, false, false, 'medium'),
  ('headstander-fish', 24, 28, 6, 7.5, 100, 'peaceful', '잡식성', '하루 1~2회', '5~8년', '중~하층', true, 5, '중급', '#38B6A3', '머리를 아래로 향한 채 45도 각도로 떠다니는 독특한 자세가 특징인 어종입니다.', false, false, false, false, false, 'medium'),
  ('prochilodus', 24, 28, 6, 7.5, 300, 'peaceful', '잡식성 (조류, 유기물 포함)', '매일', '10년 내외', '중~하층', true, 5, '중급', '#38B6A3', '성어가 되면 30cm 가까이 자라는 대형 어종으로 무리 지어 키우려면 넓은 수조가 필요합니다.', false, false, false, false, false, 'medium'),
  ('piranha', 24, 28, 6, 7.5, 300, 'aggressive', '육식성 (육류, 생선)', '하루 1회', '10년 이상', '중층', true, 5, '고급', '#E0714F', '다른 어종과의 합사는 사실상 불가능하며 반드시 피라냐끼리만 무리 사육해야 합니다. 국가/지역에 따라 소유·수입이 법적으로 제한될 수 있으니 사전에 확인이 필요합니다.', false, true, false, false, false, 'medium'),
  ('pacu', 23, 28, 6, 7.5, 1000, 'peaceful', '채식 위주 잡식성', '매일', '15~20년 이상', '중층', false, 1, '고급', '#F2A65A', '피라냐와 혼동되지만 실제로는 온순한 초식성 대형어입니다. 성어가 되면 60~90cm까지 자라 가정용 수조로는 감당하기 어려운 경우가 대부분이라 신중한 사전 조사가 필요합니다.', false, false, false, false, false, 'medium'),
  ('serpae-tetra', 23, 27, 5.5, 7.5, 80, 'semi-aggressive', '잡식성', '하루 1~2회', '5~7년', '중층', true, 8, '중급', '#F2A65A', '다른 테트라에 비해 지느러미를 무는 습성이 강한 편이라, 긴 지느러미를 가진 어종과는 합사를 피하는 게 좋습니다. 충분히 큰 무리로 키우면 공격성이 분산됩니다.', true, false, false, false, false, 'low'),
  ('bleeding-heart-tetra', 23, 27, 6, 7.5, 100, 'peaceful', '잡식성', '하루 1~2회', '5년 내외', '중층', true, 6, '중급', '#38B6A3', '가슴 부위의 붉은 반점이 특징이며, 혼자 있으면 다소 신경질적이 되므로 충분한 무리로 키우는 게 좋습니다.', true, false, false, false, false, 'medium'),
  ('diamond-tetra', 23, 27, 6, 7.5, 100, 'peaceful', '잡식성', '하루 1~2회', '5년 내외', '중층', true, 6, '중급', '#38B6A3', '몸 전체에 다이아몬드처럼 반짝이는 비늘이 특징인 온순한 테트라입니다.', false, false, false, false, false, 'medium'),
  ('buenos-aires-tetra', 18, 26, 6, 8, 120, 'semi-aggressive', '잡식성 (수초도 먹음)', '하루 1~2회', '5년 내외', '중층', true, 6, '초급', '#F2A65A', '저온에도 강해 사육이 쉽지만 수초를 뜯어먹는 습성이 있어 유코 수조에는 적합하지 않습니다.', true, false, false, false, false, 'low'),
  ('emperor-tetra', 23, 28, 5.5, 7.5, 80, 'peaceful', '잡식성', '하루 1~2회', '5년 내외', '중층', true, 6, '중급', '#38B6A3', '테트라 중에서도 기품 있는 외모로 인기가 많으며 비교적 사육이 수월한 편입니다.', false, false, false, false, false, 'medium'),
  ('penguin-tetra', 23, 27, 6, 7.5, 80, 'peaceful', '잡식성', '하루 1~2회', '5년 내외', '중~상층', true, 6, '초급', '#38B6A3', '비스듬히 위를 향해 헤엄치는 독특한 자세가 특징인 온순한 테트라입니다.', false, false, false, false, false, 'low'),
  ('blind-cave-tetra', 20, 26, 6, 8, 80, 'peaceful', '잡식성', '하루 1~2회', '5~10년', '중~하층', true, 6, '초급', '#F2A65A', '동굴에 적응하며 눈이 퇴화된 독특한 어종으로 시각 대신 측선을 이용해 주변을 감지합니다. 어두운 조명에서도 잘 적응합니다.', false, false, false, false, false, 'low'),
  ('apistogramma', 24, 28, 5.5, 7, 60, 'semi-aggressive', '잡식성', '하루 1~2회', '2~4년', '하층', false, 1, '중급', '#F2A65A', '수컷 1마리에 암컷 여러 마리로 구성된 하렘 형태로 키우면 공격성이 분산됩니다. 은신처와 고운 모래 바닥이 필요합니다.', false, false, true, false, false, 'medium'),
  ('polypterus', 24, 28, 6.5, 7.5, 300, 'aggressive', '육식성', '하루 1회, 야간 위주', '15년 이상', '하층', false, 1, '고급', '#E0714F', '고대어종으로 공기 호흡이 가능해 수면 위로 자주 올라옵니다. 탈출의 명수라 뚜껑이 반드시 필요하고, 입에 들어가는 크기의 물고기는 먹이로 인식합니다.', false, true, false, false, false, 'medium'),
  ('spiny-eel', 24, 28, 6.5, 7.5, 150, 'peaceful', '육식성 (살아있는 먹이 선호)', '야간 위주 급여', '8~10년', '하층', false, 1, '중급', '#F2A65A', '몸이 가늘고 길어 좁은 틈새로 파고드는 습성이 있어 여과기 흡입구를 반드시 막아야 하며, 모래 바닥에 파고들기를 좋아합니다.', false, false, false, false, false, 'medium'),
  ('halfbeak', 24, 28, 7, 8, 60, 'semi-aggressive', '육식성 (모기유충 등)', '하루 1~2회', '1~2년', '상층', true, 4, '중급', '#F2A65A', '수컷끼리는 격렬하게 싸우는 습성이 있어 한 수조에 수컷 한 마리만 권장합니다. 표층 서식 어종으로 점프에 주의해야 합니다.', false, false, true, false, false, 'medium'),
  ('gold-barb', 18, 25, 6, 8, 100, 'peaceful', '잡식성', '하루 1~2회', '5~6년', '중층', true, 5, '초급', '#38B6A3', '저온에도 강해 사육이 쉬운 편이며, 무리 지어 키우면 서로간의 다툼이 줄어듭니다.', false, false, false, false, false, 'low'),
  ('denison-barb', 15, 25, 6.5, 7.8, 300, 'peaceful', '잡식성', '하루 1~2회', '7~8년', '중층', true, 6, '고급', '#F2A65A', '빠르게 흐르는 하천 출신이라 강한 수류와 높은 용존산소가 필요합니다. 남획으로 개체수가 줄어든 종이라 양식산인지 확인 후 구매하는 것이 좋습니다.', false, false, false, false, false, 'medium'),
  ('weather-loach', 15, 25, 6, 8, 150, 'peaceful', '잡식성', '하루 1회', '10년 이상', '하층', true, 3, '초급', '#38B6A3', '저온에 매우 강해 히터 없이도 사육 가능하며, 기압 변화를 감지해 날씨가 흐려지면 활발히 움직이는 것으로 유명합니다.', false, false, false, false, false, 'low'),
  ('zebra-loach', 24, 28, 6.5, 7.5, 150, 'peaceful', '잡식성', '하루 1회', '8~10년', '하층', true, 6, '중급', '#38B6A3', '다른 보티아속 로치보다 온순한 편이라 커뮤니티 탱크에 비교적 무난하게 어울립니다.', false, false, false, false, false, 'low'),
  ('giant-danio', 22, 26, 6, 8, 150, 'peaceful', '잡식성', '하루 1~2회', '5~7년', '중~상층', true, 6, '초급', '#38B6A3', '일반 제브라다니오보다 훨씬 크고 활동적이라 폭이 넓은 수조가 필요합니다.', false, false, false, false, false, 'low'),
  ('chili-rasbora', 23, 27, 4, 6.5, 40, 'peaceful', '초소형 먹이', '소량씩 자주', '2~3년', '중층', true, 10, '중급', '#E0714F', '매우 작은 나노 어종으로 연수·약산성 블랙워터 환경에서 발색이 좋습니다. 입이 작아 초소형 먹이가 필요합니다.', false, false, false, false, false, 'medium'),
  ('scissortail-rasbora', 22, 27, 6, 7.5, 100, 'peaceful', '잡식성', '하루 1~2회', '5~8년', '중~상층', true, 6, '초급', '#38B6A3', '가위처럼 벌어지는 꼬리지느러미 움직임이 특징이며, 다른 라스보라보다 크게 자라 넓은 수조가 유리합니다.', false, false, false, false, false, 'low'),
  ('orange-chromide', 24, 28, 7, 8.5, 150, 'semi-aggressive', '잡식성', '하루 1~2회', '5~8년', '중~하층', false, 1, '중급', '#F2A65A', '인도/스리랑카산 시클리드로 기수(brackish) 환경에서도 잘 적응하며, 약간의 소금을 첨가하면 컨디션이 좋아지는 경우가 많습니다.', false, false, false, false, false, 'medium'),
  ('fire-eel', 24, 28, 6.5, 7.5, 600, 'semi-aggressive', '육식성 (살아있는 먹이 선호)', '야간 위주 급여', '8~10년', '하층', false, 1, '고급', '#E0714F', '일반 스파이니일보다 훨씬 크게 자라는 대형종(1m 내외)으로 성장을 고려한 대형 수조가 필요합니다.', false, true, false, false, false, 'medium'),
  ('tinfoil-barb', 22, 28, 6.5, 7.5, 470, 'semi-aggressive', '초식성 위주 잡식', '하루 1~2회', '10년 내외', '중층', true, 5, '중급', '#F2A65A', '30cm 가까이 자라는 대형 바브로 큰 수조가 필요하며, 수초를 뜯어먹고 입에 들어가는 작은 물고기를 먹이로 인식할 수 있습니다.', false, true, false, false, false, 'low'),
  ('iridescent-shark', 22, 28, 6.5, 7.5, 1000, 'peaceful', '잡식성', '하루 1회', '15~20년', '중~하층', true, 5, '고급', '#E0714F', '판매 시엔 작지만 야생에서 1m 이상, 가정 수조에서도 60cm 이상 자라는 초대형 메기입니다. 어릴 때 예뻐서 충동구매하는 경우가 많지만 대부분의 가정에서 감당하기 어려운 크기까지 자랍니다.', false, false, false, false, false, 'low'),
  ('chinese-algae-eater', 22, 28, 6.5, 7.5, 120, 'aggressive', '갈조류, 잡식성', '매일', '10년 내외', '하층', false, 1, '중급', '#E0714F', '어릴 때는 온순한 갈조류 청소부지만, 성장하면서 다른 물고기의 옆구리를 빨아 점액을 뜯어먹는 공격적인 습성이 생기는 것으로 악명 높습니다. 오토싱클루스와 혼동되지만 다 크면 전혀 다른 어종입니다.', false, false, true, false, true, 'low');

insert into species (id, group_id, name, name_en, latin, genus, origin, max_size, aliases, note) values
  ('guppy', 'guppy', '구피', 'Guppy', 'Poecilia reticulata', 'Poecilia', '중남미 (베네수엘라 등)', 5, '{}', null),
  ('betta', 'betta', '베타', 'Betta / Siamese Fighting Fish', 'Betta splendens', 'Betta', '동남아시아 (태국, 캄보디아)', 7, '{}', null),
  ('neon-tetra', 'neon-tetra', '네온테트라', 'Neon Tetra', 'Paracheirodon innesi', 'Paracheirodon', '남미 아마존 유역', 4, '{}', null),
  ('corydoras', 'corydoras', '코리도라스', 'Corydoras Catfish', 'Corydoras aeneus', 'Corydoras', '남미 (브라질, 아르헨티나 등)', 6, '{}', null),
  ('angelfish', 'angelfish', '엔젤피시', 'Angelfish', 'Pterophyllum scalare', 'Pterophyllum', '남미 아마존 유역', 15, '{}', null),
  ('zebra-danio', 'zebra-danio', '제브라다니오', 'Zebra Danio', 'Danio rerio', 'Danio', '남아시아 (인도, 방글라데시)', 6, '{}', null),
  ('platy', 'platy', '플래티', 'Platy', 'Xiphophorus maculatus', 'Xiphophorus', '중미 (멕시코, 과테말라)', 6, '{}', null),
  ('molly', 'molly', '몰리', 'Molly', 'Poecilia sphenops', 'Poecilia', '중미', 10, '{}', null),
  ('swordtail', 'swordtail', '소드테일', 'Swordtail', 'Xiphophorus hellerii', 'Xiphophorus', '중미', 12, '{}', null),
  ('cardinal-tetra', 'cardinal-tetra', '카디널테트라', 'Cardinal Tetra', 'Paracheirodon axelrodi', 'Paracheirodon', '남미 (오리노코, 네그로강)', 5, '{}', null),
  ('black-skirt-tetra', 'black-skirt-tetra', '블랙스커트테트라', 'Black Skirt Tetra', 'Gymnocorymbus ternetzi', 'Gymnocorymbus', '남미 (브라질, 파라과이)', 6, '{}', null),
  ('cherry-barb', 'cherry-barb', '체리바브', 'Cherry Barb', 'Puntius titteya', 'Puntius', '스리랑카', 5, '{}', null),
  ('tiger-barb', 'tiger-barb', '타이거바브', 'Tiger Barb', 'Puntius tetrazona', 'Puntius', '동남아시아 (인도네시아)', 7, '{}', null),
  ('harlequin-rasbora', 'harlequin-rasbora', '할리퀸라스보라', 'Harlequin Rasbora', 'Trigonostigma heteromorpha', 'Trigonostigma', '동남아시아', 5, '{}', null),
  ('kuhli-loach', 'kuhli-loach', '쿨리로치', 'Kuhli Loach', 'Pangio kuhlii', 'Pangio', '동남아시아', 10, '{}', null),
  ('otocinclus', 'otocinclus', '오토싱클루스', 'Otocinclus', 'Otocinclus vittatus', 'Otocinclus', '남미 (브라질)', 5, '{}', null),
  ('bristlenose-pleco', 'bristlenose-pleco', '브리슬노즈플레코', 'Bristlenose Pleco', 'Ancistrus cirrhosus', 'Ancistrus', '남미', 15, '{}', null),
  ('common-pleco', 'common-pleco', '커먼플레코', 'Common Pleco', 'Pterygoplichthys pardalis', 'Pterygoplichthys', '남미', 45, '{}', null),
  ('dwarf-gourami', 'dwarf-gourami', '드워프구라미', 'Dwarf Gourami', 'Trichogaster lalius', 'Trichogaster', '남아시아 (인도)', 9, '{"로얄레드드워프구라미","코발트블루드워프구라미","네온드워프구라미"}', null),
  ('pearl-gourami', 'pearl-gourami', '펄구라미', 'Pearl Gourami', 'Trichopodus leerii', 'Trichopodus', '동남아시아', 12, '{}', null),
  ('honey-gourami', 'honey-gourami', '허니구라미', 'Honey Gourami', 'Trichogaster chuna', 'Trichogaster', '남아시아 (인도, 방글라데시)', 5, '{"선셋허니구라미","골드파이어허니구라미","골든허니구라미"}', null),
  ('kissing-gourami', 'kissing-gourami', '키싱구라미', 'Kissing Gourami', 'Helostoma temminckii', 'Helostoma', '동남아시아', 30, '{"핑크키싱구라미"}', null),
  ('discus', 'discus', '디스커스', 'Discus', 'Symphysodon spp.', 'Symphysodon', '남미 (아마존)', 20, '{}', null),
  ('german-blue-ram', 'german-blue-ram', '저먼블루람', 'German Blue Ram', 'Mikrogeophagus ramirezi', 'Mikrogeophagus', '남미 (베네수엘라, 콜롬비아)', 6, '{}', null),
  ('kribensis', 'kribensis', '크립엔시스', 'Kribensis', 'Pelvicachromis pulcher', 'Pelvicachromis', '서아프리카 (나이지리아, 카메룬)', 9, '{}', null),
  ('oscar', 'oscar', '오스카', 'Oscar', 'Astronotus ocellatus', 'Astronotus', '남미 (아마존)', 35, '{}', null),
  ('firemouth-cichlid', 'firemouth-cichlid', '파이어마우스시클리드', 'Firemouth Cichlid', 'Thorichthys meeki', 'Thorichthys', '중미', 15, '{}', null),
  ('convict-cichlid', 'convict-cichlid', '컨빅트시클리드', 'Convict Cichlid', 'Amatitlania nigrofasciata', 'Amatitlania', '중미', 12, '{}', null),
  ('rainbow-shark', 'rainbow-shark', '레인보우샤크', 'Rainbow Shark', 'Epalzeorhynchos frenatum', 'Epalzeorhynchos', '동남아시아', 15, '{}', null),
  ('bala-shark', 'bala-shark', '발라샤크', 'Bala Shark', 'Balantiocheilos melanopterus', 'Balantiocheilos', '동남아시아', 35, '{"실버샤크"}', null),
  ('rosy-barb', 'rosy-barb', '로지바브', 'Rosy Barb', 'Pethia conchonius', 'Pethia', '남아시아 (인도)', 8, '{}', null),
  ('endlers-livebearer', 'endlers-livebearer', '엔들러구피', 'Endler''s Livebearer', 'Poecilia wingei', 'Poecilia', '남미 (베네수엘라)', 3.5, '{}', null),
  ('celestial-pearl-danio', 'celestial-pearl-danio', '은하수라스보라', 'Celestial Pearl Danio (Galaxy Rasbora)', 'Danio margaritatus', 'Danio', '미얀마', 2.5, '{}', null),
  ('white-cloud-mountain-minnow', 'white-cloud-mountain-minnow', '화이트클라우드마운틴미노우', 'White Cloud Mountain Minnow', 'Tanichthys albonubes', 'Tanichthys', '중국', 4, '{}', null),
  ('glowlight-tetra', 'glowlight-tetra', '글로라이트테트라', 'Glowlight Tetra', 'Hemigrammus erythrozonus', 'Hemigrammus', '남미 (가이아나)', 4, '{}', null),
  ('ember-tetra', 'ember-tetra', '엠버테트라', 'Ember Tetra', 'Hyphessobrycon amandae', 'Hyphessobrycon', '남미 (브라질)', 2, '{}', null),
  ('rummynose-tetra', 'rummynose-tetra', '럼미노즈테트라', 'Rummynose Tetra', 'Hemigrammus rhodostomus', 'Hemigrammus', '남미', 5, '{}', null),
  ('congo-tetra', 'congo-tetra', '콩고테트라', 'Congo Tetra', 'Phenacogrammus interruptus', 'Phenacogrammus', '중앙아프리카 (콩고)', 8, '{}', null),
  ('silver-dollar', 'silver-dollar', '실버달러', 'Silver Dollar', 'Metynnis argenteus', 'Metynnis', '남미', 15, '{}', null),
  ('clown-loach', 'clown-loach', '클라운로치', 'Clown Loach', 'Chromobotia macracanthus', 'Chromobotia', '동남아시아 (수마트라, 보르네오)', 30, '{}', null),
  ('yoyo-loach', 'yoyo-loach', '요요로치', 'Yoyo Loach', 'Botia almorhae', 'Botia', '남아시아 (인도)', 12, '{}', null),
  ('flying-fox', 'flying-fox', '플라잉폭스', 'Flying Fox', 'Epalzeorhynchos kalopterus', 'Epalzeorhynchos', '동남아시아', 13, '{}', null),
  ('siamese-algae-eater', 'siamese-algae-eater', '시아미즈알지이터', 'Siamese Algae Eater', 'Crossocheilus oblongus', 'Crossocheilus', '동남아시아', 14, '{}', null),
  ('bolivian-ram', 'bolivian-ram', '볼리비안람', 'Bolivian Ram', 'Mikrogeophagus altispinosus', 'Mikrogeophagus', '남미 (볼리비아, 브라질)', 8, '{}', null),
  ('jack-dempsey', 'jack-dempsey', '잭뎀시', 'Jack Dempsey', 'Rocio octofasciata', 'Rocio', '중미', 25, '{}', null),
  ('green-terror', 'green-terror', '그린테러', 'Green Terror', 'Andinoacara rivulatus', 'Andinoacara', '남미 (에콰도르, 페루)', 30, '{}', null),
  ('blue-acara', 'blue-acara', '블루아카라', 'Blue Acara', 'Andinoacara pulcher', 'Andinoacara', '남미', 18, '{}', null),
  ('severum', 'severum', '세베룸', 'Severum', 'Heros severus', 'Heros', '남미 (아마존)', 20, '{}', null),
  ('paradise-fish', 'paradise-fish', '파라다이스피시', 'Paradise Fish', 'Macropodus opercularis', 'Macropodus', '동아시아 (중국, 베트남)', 8, '{"레드파라다이스","알비노파라다이스","그린파라다이스","블루파라다이스"}', null),
  ('boesemani-rainbowfish', 'boesemani-rainbowfish', '보스마니레인보우피시', 'Boesemani Rainbowfish', 'Melanotaenia boesemani', 'Melanotaenia', '인도네시아 (파푸아)', 10, '{}', null),
  ('zebra-cichlid', 'mbuna', '제브라 시클리드', 'Zebra Mbuna', 'Maylandia zebra', 'Maylandia', '아프리카 말라위호', 12, '{"아이스블루제브라","코발트블루제브라","오렌지제브라","알비노제브라"}', null),
  ('demasoni', 'mbuna', '데마소니', 'Demasoni Cichlid', 'Pseudotropheus demasoni', 'Pseudotropheus', '아프리카 말라위호', 8, '{}', '음부나 중에서도 특히 공격적이라 최소 12마리 이상 대규모 무리 사육을 권장합니다.'),
  ('johanni', 'mbuna', '요하니', 'Johanni Cichlid', 'Melanochromis johannii', 'Melanochromis', '아프리카 말라위호', 10, '{}', null),
  ('peacock-cichlid', 'peacock', '피콕 시클리드', 'Peacock Cichlid', 'Aulonocara sp.', 'Aulonocara', '아프리카 말라위호', 15, '{"바엔스키피콕","블루니아사피콕","골든레드아이피콕"}', null),
  ('hap-cichlid', 'hap', '합 시클리드', 'Hap Cichlid', 'Nimbochromis / Copadichromis sp.', 'Nimbochromis', '아프리카 말라위호', 20, '{"기린시클리드","베누스투스"}', null),
  ('frontosa', 'frontosa', '프론토사', 'Frontosa Cichlid', 'Cyphotilapia frontosa', 'Cyphotilapia', '아프리카 탕가니카호', 35, '{"레드프론토사"}', null),
  ('tropheus-moorii', 'tropheus', '트로피우스 모오리', 'Tropheus Moorii', 'Tropheus moorii', 'Tropheus', '아프리카 탕가니카호', 14, '{"불루포인트","몰리로"}', null),
  ('tropheus-duboisi', 'tropheus', '트로피우스 두보이시', 'Tropheus Duboisi', 'Tropheus duboisi', 'Tropheus', '아프리카 탕가니카호', 12, '{}', null),
  ('brichardi', 'tanganyika-shell-dweller', '브리차디', 'Brichardi / Fairy Cichlid', 'Neolamprologus brichardi', 'Neolamprologus', '아프리카 탕가니카호', 10, '{"페어리시클리드"}', null),
  ('julidochromis', 'tanganyika-shell-dweller', '줄리도크로미스', 'Julidochromis', 'Julidochromis ornatus', 'Julidochromis', '아프리카 탕가니카호', 10, '{"마스크드시클리드"}', null),
  ('leleupi', 'tanganyika-shell-dweller', '레룹피', 'Lemon Cichlid', 'Neolamprologus leleupi', 'Neolamprologus', '아프리카 탕가니카호', 10, '{}', null),
  ('calvus', 'altolamprologus', '칼부스', 'Altolamprologus Calvus', 'Altolamprologus calvus', 'Altolamprologus', '아프리카 탕가니카호', 14, '{"블랙콩고칼부스"}', null),
  ('three-spot-gourami-sp', 'three-spot-gourami', '쓰리스팟 구라미', 'Three Spot Gourami', 'Trichopodus trichopterus', 'Trichopodus', '동남아시아', 15, '{"골드구라미","오팔린구라미","플래티넘구라미"}', null),
  ('moonlight-gourami-sp', 'moonlight-gourami', '문라이트 구라미', 'Moonlight Gourami', 'Trichopodus microlepis', 'Trichopodus', '동남아시아', 13, '{}', null),
  ('snakeskin-gourami-sp', 'snakeskin-gourami', '스네이크스킨 구라미', 'Snakeskin Gourami', 'Trichopodus pectoralis', 'Trichopodus', '동남아시아', 25, '{}', null),
  ('giant-gourami-sp', 'giant-gourami', '자이언트 구라미', 'Giant Gourami', 'Osphronemus goramy', 'Osphronemus', '동남아시아', 60, '{"레드테일자이언트구라미"}', null),
  ('chocolate-gourami-sp', 'chocolate-gourami', '초콜릿 구라미', 'Chocolate Gourami', 'Sphaerichthys osphromenoides', 'Sphaerichthys', '동남아시아 (수마트라, 보르네오)', 6, '{}', null),
  ('vaillants-chocolate-gourami', 'chocolate-gourami', '바이언트 초콜릿 구라미', 'Vaillant''s Chocolate (Samurai) Gourami', 'Sphaerichthys vaillanti', 'Sphaerichthys', '동남아시아 (보르네오)', 8, '{"사무라이구라미"}', null),
  ('sparkling-gourami-sp', 'trichopsis-gourami', '스파클링 구라미', 'Sparkling Gourami', 'Trichopsis pumila', 'Trichopsis', '동남아시아', 4, '{}', null),
  ('croaking-gourami-sp', 'trichopsis-gourami', '크로킹 구라미', 'Croaking Gourami', 'Trichopsis vittata', 'Trichopsis', '동남아시아', 7, '{}', null),
  ('licorice-gourami-sp', 'licorice-gourami', '리코리스 구라미', 'Deissner''s Licorice Gourami', 'Parosphromenus deissneri', 'Parosphromenus', '동남아시아 (수마트라)', 4, '{}', null),
  ('thicklip-gourami-sp', 'thicklip-gourami', '싱크립 구라미', 'Orange Thicklip Gourami', 'Trichogaster labiosa', 'Trichogaster', '동남아시아 (미얀마)', 9, '{}', null),
  ('badis-sp', 'badis', '스칼렛 바디스', 'Scarlet/Rainbow Badis', 'Dario dario', 'Dario', '남아시아 (인도)', 2.5, '{}', null),
  ('amazon-leaf-fish-sp', 'leaf-fish', '아마존 리프피시', 'Amazon Leaf Fish', 'Monocirrhus polyacanthus', 'Monocirrhus', '남미 (아마존)', 8, '{}', null),
  ('sumatran-leaf-fish-sp', 'leaf-fish', '수마트란 리프피시', 'Sumatran Leaf Fish', 'Nandus sp.', 'Nandus', '동남아시아 (수마트라)', 15, '{}', null),
  ('african-leaf-fish-sp', 'leaf-fish', '아프리칸 리프피시', 'African Leaf Fish', 'Polycentropsis abbreviata', 'Polycentropsis', '서아프리카', 7, '{}', null),
  ('datnoid-sp', 'datnoid', '보르네오 타이거', 'Borneo Tiger (Datnoid)', 'Datnioides microlepis', 'Datnioides', '동남아시아 (보르네오)', 40, '{}', null),
  ('leopard-ctenopoma-sp', 'leopard-ctenopoma', '레오파드 크테노포마', 'Leopard Ctenopoma/Bushfish', 'Ctenopoma acutirostre', 'Ctenopoma', '중앙아프리카 (콩고)', 15, '{}', null),
  ('red-empress', 'hap', '레드엠프레스', 'Red Empress', 'Protomelas taeniolatus', 'Protomelas', '아프리카 말라위호', 18, '{}', '피콕 시클리드(Aulonocara속)와 이름이 비슷하고 서식지도 같은 말라위호이지만 분류학적으로 다른 속(Protomelas)입니다. 피콕보다 크고 영역 수호 본능이 강해 좁은 수조에서는 피콕을 괴롭힐 수 있습니다.'),
  ('brownae-hap', 'hap', '브라우니합 (확인필요)', 'Brownae / Cherry Red Hap', '확인 필요 (genus 미확정)', '확인 필요', '아프리카 말라위호', 18, '{}', '유통명만으로는 정확한 학명/속을 확정하지 못했습니다. 기린시클리드(Nimbochromis venustus)와 다른 속일 가능성이 있어 별도 항목으로 분리했습니다. 실제 구매 전 판매처에 정확한 학명을 확인하시는 걸 권장합니다.'),
  ('tiger-paradise-fish', 'paradise-fish', '타이거 파라다이스 (확인필요)', 'Tiger Paradise Fish', '확인 필요', '확인 필요', '동아시아', 8, '{}', '일반 파라다이스피시(Macropodus opercularis)의 색상형인지, 근연종인 블랙파라다이스피시(Macropodus concolor)를 가리키는 유통명인지 확정하지 못했습니다. 구매 전 정확한 학명을 확인하세요.'),
  ('black-widow-frontosa', 'frontosa', '블랙위도우 프론토사 (확인필요)', 'Black Widow Frontosa', '확인 필요', '확인 필요', '아프리카 탕가니카호', 35, '{}', '프론토사(Cyphotilapia frontosa)의 지역 변이인지, 근연종인 Cyphotilapia gibberosa를 가리키는 유통명인지 확정하지 못했습니다. 구매 전 정확한 학명을 확인하세요.'),
  ('synodontis-ocellifer-sp', 'synodontis-general', '오셀리퍼 신오돈티스', 'Synodontis Ocellifer', 'Synodontis ocellifer', 'Synodontis', '서아프리카', 20, '{}', null),
  ('synodontis-cuckoo-sp', 'synodontis-cuckoo', '쿠쿠 신오돈티스', 'Synodontis Cuckoo Catfish', 'Synodontis multipunctatus', 'Synodontis', '아프리카 탕가니카호', 28, '{}', null),
  ('upside-down-catfish-sp', 'upside-down-catfish', '업사이드다운 캣피시', 'Upside-down Catfish', 'Synodontis nigriventris', 'Synodontis', '중앙아프리카 (콩고)', 9, '{}', null),
  ('pictus-catfish-sp', 'pictus-catfish', '픽투스 캣피시', 'Pictus Catfish', 'Pimelodus pictus', 'Pimelodus', '남미', 12, '{}', null),
  ('glass-catfish-sp', 'glass-catfish', '글래스 캣피시', 'Glass Catfish', 'Kryptopterus vitreolus', 'Kryptopterus', '동남아시아', 8, '{}', null),
  ('whiptail-catfish-sp', 'whiptail-catfish', '윕테일 캣피시', 'Whiptail Catfish', 'Rineloricaria sp.', 'Rineloricaria', '남미', 15, '{"파로웰라"}', null),
  ('hillstream-loach-sp', 'hillstream-loach', '힐스트림 로치', 'Hillstream Loach', 'Sewellia lineolata', 'Sewellia', '동남아시아 (베트남)', 7, '{"보르네오 서커"}', null),
  ('clown-pleco-sp', 'clown-pleco', '클라운 플레코', 'Clown Pleco', 'Panaqolus maccus', 'Panaqolus', '남미 (베네수엘라)', 9, '{}', null),
  ('royal-pleco-sp', 'royal-pleco', '로얄 플레코', 'Royal Pleco', 'Panaque nigrolineatus', 'Panaque', '남미', 43, '{}', null),
  ('rubber-pleco-sp', 'rubber-pleco', '러버 플레코', 'Rubber Pleco', 'Chaetostoma sp.', 'Chaetostoma', '남미', 13, '{}', null),
  ('talking-catfish-sp', 'talking-catfish', '토킹 캣피시 (라파엘)', 'Talking / Raphael Catfish', 'Platydoras armatulus', 'Platydoras', '남미 아마존', 20, '{"라파엘캣피시"}', null),
  ('pea-puffer-sp', 'puffer-dwarf', '피퍼(드워프)퍼퍼', 'Pea Puffer / Dwarf Freshwater Puffer', 'Carinotetraodon travancoricus', 'Carinotetraodon', '남인도', 2.5, '{"드워프퍼퍼"}', null),
  ('green-puffer-sp', 'puffer-brackish', '그린 퍼퍼', 'Green Puffer', 'Dichotomyctere fluviatilis', 'Dichotomyctere', '동남아시아 기수역', 17, '{}', null),
  ('figure-eight-puffer-sp', 'puffer-brackish', '피겨에이트 퍼퍼', 'Figure Eight Puffer', 'Dichotomyctere ocellatus', 'Dichotomyctere', '동남아시아 기수역', 8, '{}', null),
  ('fahaka-puffer-sp', 'puffer-giant-freshwater', '파하카 퍼퍼', 'Fahaka Puffer', 'Tetraodon lineatus', 'Tetraodon', '아프리카 나일강 유역', 45, '{}', null),
  ('clown-killifish-sp', 'killifish-clown', '클라운 킬리피시', 'Clown Killifish', 'Epiplatys annulatus', 'Epiplatys', '서아프리카', 3.5, '{}', null),
  ('nothobranchius-sp', 'killifish-annual', '노토브란키우스', 'Nothobranchius Killifish', 'Nothobranchius rachovii', 'Nothobranchius', '동아프리카 (모잠비크)', 6, '{}', null),
  ('western-rainbowfish-sp', 'rainbowfish-melanotaenia', '웨스턴 레인보우피시', 'Western Rainbowfish', 'Melanotaenia australis', 'Melanotaenia', '호주', 12, '{}', null),
  ('blue-lacustris-rainbowfish-sp', 'rainbowfish-melanotaenia', '블루 라쿠스트리스 레인보우피시', 'Blue Lacustris Rainbowfish', 'Melanotaenia lacustris', 'Melanotaenia', '파푸아뉴기니', 10, '{}', null),
  ('red-striped-rainbowfish-sp', 'rainbowfish-melanotaenia', '레드스트라이프 레인보우피시', 'Red Striped Rainbowfish', 'Melanotaenia rubrostriata', 'Melanotaenia', '파푸아뉴기니', 16, '{}', null),
  ('papuan-rainbowfish-sp', 'rainbowfish-melanotaenia', '파푸안 레인보우피시', 'Papuan Rainbowfish', 'Melanotaenia papuae', 'Melanotaenia', '파푸아뉴기니', 9, '{}', null),
  ('celebes-rainbowfish-sp', 'rainbowfish-melanotaenia', '셀레베스 레인보우피시', 'Celebes Rainbowfish', 'Marosatherina ladigesi', 'Marosatherina', '인도네시아 (술라웨시)', 8, '{}', null),
  ('threadfin-rainbowfish-sp2', 'rainbowfish-nano-blueeye', '쓰레드핀 레인보우피시', 'Threadfin Rainbowfish', 'Iriatherina werneri', 'Iriatherina', '호주, 파푸아뉴기니', 4.5, '{}', null),
  ('pacific-blueeye-rainbowfish-sp', 'rainbowfish-nano-blueeye', '퍼시픽 블루아이 레인보우피시', 'Pacific Blue-eyed Rainbowfish', 'Pseudomugil signifer', 'Pseudomugil', '호주', 7, '{}', null),
  ('madagascar-rainbowfish-sp', 'rainbowfish-madagascar', '마다가스카르 레인보우피시', 'Madagascar Rainbowfish', 'Bedotia madagascarensis', 'Bedotia', '마다가스카르', 10, '{}', null),
  ('black-shark-sp', 'black-shark', '블랙 샤크', 'Black Shark', 'Labeo chrysophekadion', 'Labeo', '동남아시아', 60, '{}', null),
  ('colombian-shark-sp', 'brackish-shark-catfish', '콜롬비안 샤크', 'Colombian Shark', 'Sciades seemanni', 'Sciades', '중남미 (기수역)', 35, '{"블랙핀샤크"}', null),
  ('silver-hatchetfish-sp', 'hatchetfish-silver', '실버 해쳇피시', 'Silver Hatchetfish', 'Gasteropelecus sternicla', 'Gasteropelecus', '남미 아마존', 6.5, '{}', null),
  ('black-ghost-knifefish-sp', 'black-ghost-knifefish', '블랙고스트 나이프피시', 'Black Ghost Knifefish', 'Apteronotus albifrons', 'Apteronotus', '남미', 50, '{}', null),
  ('pencilfish-sp', 'pencil-fish', '펜슬피시', 'Pencilfish', 'Nannostomus eques', 'Nannostomus', '남미 아마존', 5, '{}', null),
  ('african-red-eye-tetra-sp', 'african-red-eye-tetra', '아프리칸 레드아이 테트라', 'African Red-eyed Tetra', 'Arnoldichthys spilopterus', 'Arnoldichthys', '서아프리카 (나이지리아)', 8, '{}', null),
  ('headstander-sp', 'headstander-fish', '스팟티드 헤드스탠더', 'Spotted Headstander', 'Chilodus punctatus', 'Chilodus', '남미 아마존', 8, '{}', null),
  ('flagtail-prochilodus-sp', 'prochilodus', '플래그테일 프로칠로두스', 'Flagtail Prochilodus', 'Semaprochilodus taeniurus', 'Semaprochilodus', '남미 아마존', 30, '{}', null),
  ('red-belly-piranha-sp', 'piranha', '레드벨리 피라냐', 'Red-Bellied Piranha', 'Pygocentrus nattereri', 'Pygocentrus', '남미 아마존', 33, '{}', null),
  ('pacu-sp', 'pacu', '파쿠', 'Pacu', 'Piaractus brachypomus', 'Piaractus', '남미 아마존', 90, '{}', null),
  ('serpae-tetra-sp', 'serpae-tetra', '세르파에 테트라', 'Serpae Tetra', 'Hyphessobrycon eques', 'Hyphessobrycon', '남미', 4, '{}', null),
  ('bleeding-heart-tetra-sp', 'bleeding-heart-tetra', '블리딩하트 테트라', 'Bleeding Heart Tetra', 'Hyphessobrycon erythrostigma', 'Hyphessobrycon', '남미', 6, '{}', null),
  ('diamond-tetra-sp', 'diamond-tetra', '다이아몬드 테트라', 'Diamond Tetra', 'Moenkhausia pittieri', 'Moenkhausia', '남미 (베네수엘라)', 6, '{}', null),
  ('buenos-aires-tetra-sp', 'buenos-aires-tetra', '부에노스아이레스 테트라', 'Buenos Aires Tetra', 'Hyphessobrycon anisitsi', 'Hyphessobrycon', '남미 (아르헨티나)', 7, '{}', null),
  ('emperor-tetra-sp', 'emperor-tetra', '엠퍼러 테트라', 'Emperor Tetra', 'Nematobrycon palmeri', 'Nematobrycon', '남미 (콜롬비아)', 5, '{}', null),
  ('penguin-tetra-sp', 'penguin-tetra', '펭귄 테트라', 'Penguin Tetra', 'Thayeria boehlkei', 'Thayeria', '남미 아마존', 7, '{}', null),
  ('blind-cave-tetra-sp', 'blind-cave-tetra', '블라인드케이브 테트라', 'Blind Cave Tetra', 'Astyanax mexicanus', 'Astyanax', '중미 (멕시코 동굴)', 9, '{}', null),
  ('apistogramma-cacatuoides', 'apistogramma', '코카투 시클리드', 'Cockatoo Cichlid', 'Apistogramma cacatuoides', 'Apistogramma', '남미 (페루, 브라질)', 8, '{}', null),
  ('apistogramma-agassizii', 'apistogramma', '아가시지 시클리드', 'Agassiz''s Dwarf Cichlid', 'Apistogramma agassizii', 'Apistogramma', '남미 아마존', 8, '{}', null),
  ('apistogramma-borellii', 'apistogramma', '보렐리 시클리드', 'Borelli''s Dwarf Cichlid', 'Apistogramma borellii', 'Apistogramma', '남미 (파라과이, 아르헨티나)', 6, '{}', null),
  ('polypterus-sp', 'polypterus', '폴립테루스 (비클리)', 'Senegal Bichir', 'Polypterus senegalus', 'Polypterus', '서아프리카', 35, '{"세네갈비클리"}', null),
  ('spiny-eel-sp', 'spiny-eel', '스파이니 일', 'Peacock Spiny Eel', 'Macrognathus siamensis', 'Macrognathus', '동남아시아', 35, '{"피콕스파이니일"}', null),
  ('halfbeak-sp', 'halfbeak', '하프비크', 'Wrestling Halfbeak', 'Dermogenys pusilla', 'Dermogenys', '동남아시아', 7, '{}', null),
  ('gold-barb-sp', 'gold-barb', '골드바브', 'Gold Barb', 'Barbodes semifasciolatus', 'Barbodes', '중국, 베트남', 7, '{}', null),
  ('denison-barb-sp', 'denison-barb', '데니슨바브', 'Denison Barb / Roseline Shark', 'Sahyadria denisonii', 'Sahyadria', '남인도', 15, '{"로즈라인샤크"}', null),
  ('weather-loach-sp', 'weather-loach', '웨더로치 (미꾸라지)', 'Weather Loach / Dojo Loach', 'Misgurnus anguillicaudatus', 'Misgurnus', '동아시아', 25, '{"도조로치"}', null),
  ('zebra-loach-sp', 'zebra-loach', '제브라로치', 'Zebra Loach', 'Botia striata', 'Botia', '남인도', 10, '{}', null),
  ('giant-danio-sp', 'giant-danio', '자이언트다니오', 'Giant Danio', 'Devario aequipinnatus', 'Devario', '남아시아 (인도, 스리랑카)', 10, '{}', null),
  ('chili-rasbora-sp', 'chili-rasbora', '칠리라스보라', 'Chili Rasbora', 'Boraras brigittae', 'Boraras', '동남아시아 (보르네오)', 2, '{}', null),
  ('scissortail-rasbora-sp', 'scissortail-rasbora', '시저테일라스보라', 'Scissortail Rasbora', 'Rasbora trilineata', 'Rasbora', '동남아시아', 15, '{}', null),
  ('orange-chromide-sp', 'orange-chromide', '오렌지크로마이드', 'Orange Chromide', 'Etroplus maculatus', 'Etroplus', '남인도, 스리랑카', 8, '{}', null),
  ('fire-eel-sp', 'fire-eel', '파이어일', 'Fire Eel', 'Mastacembelus erythrotaenia', 'Mastacembelus', '동남아시아', 100, '{}', null),
  ('red-tail-shark-sp', 'rainbow-shark', '레드테일 샤크', 'Red Tail Shark', 'Epalzeorhynchos bicolor', 'Epalzeorhynchos', '동남아시아 (태국)', 15, '{"레드테일블랙샤크"}', '레인보우샤크의 자매종으로 생태가 거의 동일하지만, 색이 다른 유사 어종(특히 검은색 계열)에게 특히 공격적인 경향이 보고됩니다.'),
  ('rosy-barb-sp', 'rosy-barb', '로지바브', 'Rosy Barb', 'Pethia conchonius', 'Pethia', '남아시아 (인도)', 8, '{"레드바브"}', null),
  ('yellow-lab-cichlid-sp', 'mbuna', '옐로우랩 시클리드', 'Yellow Lab Cichlid', 'Labidochromis caeruleus', 'Labidochromis', '아프리카 말라위호', 10, '{"일렉트릭옐로우"}', '음부나 중에서는 비교적 온순한 편에 속하지만, 여전히 같은 Labidochromis 그룹끼리는 섞지 않는 게 좋습니다.'),
  ('tinfoil-barb-sp', 'tinfoil-barb', '틴포일바브', 'Tinfoil Barb', 'Barbonymus schwanenfeldii', 'Barbonymus', '동남아시아', 35, '{}', null),
  ('iridescent-shark-sp', 'iridescent-shark', '아이리디센트 샤크', 'Iridescent Shark', 'Pangasianodon hypophthalmus', 'Pangasianodon', '동남아시아 (메콩강)', 130, '{"팡가시우스"}', null),
  ('chinese-algae-eater-sp', 'chinese-algae-eater', '차이니즈 알지이터', 'Chinese Algae Eater', 'Gyrinocheilus aymonieri', 'Gyrinocheilus', '동남아시아', 27, '{}', null),
  ('blue-dolphin-cichlid-sp', 'hap', '블루돌핀 시클리드', 'Blue Dolphin Cichlid', 'Cyrtocara moorii', 'Cyrtocara', '아프리카 말라위호', 20, '{}', '이마가 돌고래처럼 튀어나온 것이 특징인 대형 합 시클리드로, 모래를 파헤치는 습성이 있어 바닥재 선택에 주의가 필요합니다.'),
  ('marble-hatchetfish-sp', 'hatchetfish-silver', '마블 해쳇피시', 'Marble Hatchetfish', 'Carnegiella strigata', 'Carnegiella', '남미 아마존', 5, '{}', null);

insert into species_pair_overrides (species_a, species_b, result, reason, source) values
  ('betta', 'corydoras', 'caution', '베타는 하층에서 조용히 지내는 코리도라스는 대체로 무시하는 편이라 실제로 널리 쓰이는 조합입니다. 다만 베타 개체 성격 차이가 커서 완전히 안전하다고 보긴 어렵습니다.', '커뮤니티 관찰'),
  ('red-belly-piranha-sp', 'silver-dollar', 'caution', '피라냐와 실버달러는 남미에서 실제로 서식지를 공유하는 조합으로, 실버달러의 빠른 유영 속도 덕분에 충분히 큰 수조에서는 종종 함께 사육됩니다. 그래도 위험이 완전히 없는 건 아니라 대형 수조와 충분한 무리가 전제됩니다.', '도감/커뮤니티');

commit;
